{
  "timestamp": "2025-03-04 18:42:59",
  "data_type": "password",
  "num_transmissions": 2,
  "total_bits": 320,
  "total_bytes": 40.0,
  "total_transmission_time": 0.9512133598327637,
  "total_connections": 20,
  "avg_bandwidth_bits": 336.4124322815024,
  "avg_bandwidth_bytes": 42.0515540351878,
  "transmission_times": [
    0.4335477352142334,
    0.5176656246185303
  ],
  "transmission_sizes": [
    160,
    160
  ],
  "data_rates": [
    369.04817394776046,
    309.0798237142066
  ],
  "connections_per_transmission": [
    10,
    10
  ],
  "stats": {
    "time": {
      "mean": 0.47560667991638184,
      "std": 0.04205894470214844,
      "min": 0.4335477352142334,
      "max": 0.5176656246185303
    },
    "size": {
      "mean": 160.0,
      "std": 0.0,
      "min": 160.0,
      "max": 160.0
    },
    "rate": {
      "mean": 339.06399883098356,
      "std": 29.984175116776925,
      "min": 309.0798237142066,
      "max": 369.04817394776046
    },
    "connections": {
      "mean": 10.0,
      "std": 0.0,
      "min": 10.0,
      "max": 10.0
    }
  }
}