{
  "timestamp": "2025-03-04 18:42:59",
  "data_type": "ecc",
  "num_transmissions": 2,
  "total_bits": 3648,
  "total_bytes": 456.0,
  "total_transmission_time": 13.679883003234863,
  "total_connections": 228,
  "avg_bandwidth_bits": 266.6689473248684,
  "avg_bandwidth_bytes": 33.33361841560855,
  "transmission_times": [
    6.940768003463745,
    6.739114999771118
  ],
  "transmission_sizes": [
    1824,
    1824
  ],
  "data_rates": [
    262.7951257108356,
    270.658684421018
  ],
  "connections_per_transmission": [
    114,
    114
  ],
  "stats": {
    "time": {
      "mean": 6.839941501617432,
      "std": 0.10082650184631348,
      "min": 6.739114999771118,
      "max": 6.940768003463745
    },
    "size": {
      "mean": 1824.0,
      "std": 0.0,
      "min": 1824.0,
      "max": 1824.0
    },
    "rate": {
      "mean": 266.72690506592676,
      "std": 3.9317793550912086,
      "min": 262.7951257108356,
      "max": 270.658684421018
    },
    "connections": {
      "mean": 114.0,
      "std": 0.0,
      "min": 114.0,
      "max": 114.0
    }
  }
}